{
    "inertia": 7.15e-5,
    "kT": 8.57e-6,
    "kQ": 1.36e-7,
    "diameter": 0.673,
    "cT_coeff_2": -0.08804201,
    "cT_coeff_1": -0.03895557,
    "cT_coeff_0": 0.10502992,
    "cQ_coeff_2": -0.01728391,
    "cQ_coeff_1": 0.00974074,
    "cQ_coeff_0": 0.00608378
}