{
    "inertia": 1.84e-2,
    "kT": 0,
    "kQ": 0,
    "diameter": 0.8128,
    "J0": 0.89,
    "cT_coeff_2": -0.09190715,
    "cT_coeff_1": -0.02600422,
    "cT_coeff_0": 0.09563061,
    "cQ_coeff_2": -0.01688786,
    "cQ_coeff_1": 0.01009662,
    "cQ_coeff_0": 0.00546702
}