{
    "inertia": 4.4e-3,
    "kT": 0,
    "kQ": 0,
    "diameter": 0.6096,
    "J0": 0.8,
    "cT_coeff_2": -0.08752049,
    "cT_coeff_1": -0.04482915,
    "cT_coeff_0": 0.09222431,
    "cQ_coeff_2": -0.01577543,
    "cQ_coeff_1": 0.00773556,
    "cQ_coeff_0": 0.00493975
}