{
    "inertia": 9.65e-3,
    "kT": 0,
    "kQ": 0,
    "diameter": 0.7112,
    "J0": 0.71,
    "cT_coeff_2": -0.09265565,
    "cT_coeff_1": -0.05961506,
    "cT_coeff_0": 0.0885484,
    "cQ_coeff_2": -0.01612725,
    "cQ_coeff_1": 0.00590909,
    "cQ_coeff_0": 0.00467592
}