{
    "mass": 1,
    "inertia": {
        "ixx": 0.197563,
        "iyy": 0.1458929,
        "izz": 0.1477,
        "ixy": 0.0,
        "ixz": 0.0,
        "iyz": 0.0
    },
    "motor": "maxon_ecx32_flat_uav",
    "propeller": "apc_9x4.5MR",
    "sref": 0.34,
    "chord": 0.22,
    "span": 1.545,
    "cL0": 0.15188,
    "cLa": 5.015,
    "cLq": 7.971792,
    "cLde": 0.010696,
    "cD0": 0.029,
    "k": 0.0504,
    "cYb": -0.258244,
    "cYp": 0.065861,
    "cYr": 0.230299,
    "cYda": -0.000171,
    "cYdr": -0.003913,
    "clb": -0.039250,
    "clp": -0.487407,
    "clr": 0.078165,
    "clda": -0.003331,
    "cldr": -0.000257,
    "cm0": 0.075,
    "cma": -0.463966,
    "cmq": -12.140140,
    "cmde": -0.025798,
    "cnb": 0.100826,
    "cnp": -0.040416,
    "cnr": -0.089947,
    "cnda": 0.000057,
    "cndr": 0.001613
}